{"cameraMode":{"drawMode":0,"name":"Shaded","section":"Shading Mode"},"sceneLighting":true,"audioPlay":false,"sceneViewState":{"showFog":true,"showMaterialUpdate":false,"showSkybox":true,"showFlares":true,"showImageEffects":true,"showParticleSystems":true},"in2DMode":false,"pivot":{"x":1.831209421157837,"y":2.840137481689453,"z":-6.805093765258789},"rotation":{"x":-0.22340847551822663,"y":0.0005828635767102242,"z":-0.00013349030632525682,"w":-0.9747247695922852},"size":10.33459186553955,"orthographic":false}