{"cameraMode":{"drawMode":0,"name":"Shaded","section":"Shading Mode"},"sceneLighting":true,"audioPlay":false,"sceneViewState":{"showFog":true,"showMaterialUpdate":false,"showSkybox":true,"showFlares":true,"showImageEffects":true,"showParticleSystems":true},"in2DMode":false,"pivot":{"x":7.710311412811279,"y":5.560174465179443,"z":0.36801135540008547},"rotation":{"x":-0.18687163293361665,"y":0.6948062181472778,"z":-0.19477230310440064,"w":-0.6666236519813538},"size":6.549520492553711,"orthographic":false}