{"cameraMode":{"drawMode":0,"name":"Shaded","section":"Shading Mode"},"sceneLighting":true,"audioPlay":false,"sceneViewState":{"showFog":true,"showMaterialUpdate":true,"showSkybox":true,"showFlares":true,"showImageEffects":true,"showParticleSystems":true},"in2DMode":false,"pivot":{"x":0.7744007110595703,"y":3.403107166290283,"z":-3.620252847671509},"rotation":{"x":0.2639514207839966,"y":-0.1065017580986023,"z":0.029338356107473375,"w":0.9581891298294067},"size":3.2927634716033937,"orthographic":false}