{"cameraMode":{"drawMode":0,"name":"Shaded","section":"Shading Mode"},"sceneLighting":true,"audioPlay":false,"sceneViewState":{"showFog":true,"showMaterialUpdate":false,"showSkybox":true,"showFlares":true,"showImageEffects":true,"showParticleSystems":true},"in2DMode":false,"pivot":{"x":-1.0905942916870118,"y":2.246882438659668,"z":1.3099355697631837},"rotation":{"x":-0.36365947127342226,"y":0.022910820320248605,"z":-0.008946886286139489,"w":-0.9312072396278381},"size":15.96765422821045,"orthographic":false}